section_id,pavement_age_years,aadt,heavy_vehicle_percentage,pavement_thickness_mm,number_of_lanes,subgrade_cbr,annual_rainfall_mm,mean_temperature_c,years_since_last_maintenance,distress_density,pci
1001,11.24,4305.38,10.0,386.38,1,10.0,934.92,9.49,2.18,14.55,70.21
1002,28.52,11815.58,11.66,321.76,1,2.51,651.52,8.12,0.5,8.19,17.52
1003,21.96,36520.16,10.18,204.23,1,7.24,1028.86,8.71,7.05,25.45,18.3
1004,17.96,23773.72,18.55,251.91,1,10.44,1295.29,8.03,14.32,13.92,13.71
1005,4.68,28985.45,8.63,246.68,4,,542.66,23.29,1.74,4.36,66.48
1006,4.68,5383.14,10.81,,4,10.3,1034.99,10.89,4.68,7.62,63.02
1007,1.74,3671.36,17.78,184.17,3,6.17,1093.22,12.54,1.74,10.15,60.45
1008,25.99,7327.36,15.89,210.75,3,3.22,712.77,10.21,,4.23,4.52
1009,18.03,8472.49,17.94,107.46,2,7.55,764.86,33.74,9.68,5.65,15.86
1010,,19445.15,5.38,253.32,4,3.67,1092.24,30.64,12.4,17.87,1.62
1011,0.62,2092.32,13.56,232.56,1,14.32,546.63,11.91,0.62,14.24,83.54
1012,29.1,27546.76,15.0,132.9,1,8.18,1139.97,14.83,7.57,6.81,0.0
1013,24.97,35704.49,12.62,,2,6.12,641.86,11.3,10.46,8.32,19.31
1014,6.37,5758.86,18.69,300.11,1,11.96,,19.76,6.37,9.27,51.18
1015,5.45,3605.86,20.75,265.89,2,8.47,1935.13,5.59,5.45,12.47,66.44
1016,5.5,2156.23,4.79,227.32,3,6.03,655.7,25.14,1.08,13.12,57.91
1017,9.13,15654.86,6.72,291.4,4,12.56,1213.68,20.69,9.13,,47.21
1018,15.74,8592.58,22.66,297.62,2,13.27,709.3,31.96,8.01,5.96,31.18
1019,12.96,2887.17,,271.52,1,10.75,1416.38,9.93,,9.05,48.49
1020,8.74,2875.37,1.78,192.28,2,2.61,493.9,29.12,5.1,16.58,53.97
1021,18.36,6194.22,,269.36,3,9.36,1192.23,28.76,9.31,32.23,19.23
1022,4.18,30798.38,12.12,333.68,1,11.92,650.8,8.82,4.18,8.86,61.92
1023,8.76,6583.53,14.28,208.24,3,3.77,,16.96,7.44,5.31,37.72
1024,10.99,2434.47,5.97,396.86,3,4.97,587.59,10.1,10.99,4.16,57.47
1025,13.68,6656.88,11.19,213.21,2,13.47,1328.94,12.64,6.03,12.94,36.54
1026,23.56,6514.73,4.83,252.27,3,2.26,665.21,12.9,1.54,1.78,31.5
1027,5.99,936.82,10.47,202.93,1,11.79,1220.79,21.69,0.92,13.04,63.93
1028,15.43,7758.65,2.51,265.63,3,8.16,862.36,17.34,0.77,13.2,46.9
1029,17.77,6736.21,13.01,128.04,3,7.81,954.21,33.43,5.7,5.47,19.45
1030,1.39,14142.86,15.28,211.78,2,2.09,1059.1,8.79,1.39,9.98,66.78
1031,18.23,35566.69,20.34,,3,12.65,695.27,34.21,10.77,6.99,10.46
1032,5.12,19955.34,14.48,259.47,4,6.68,1084.15,11.92,5.12,2.35,57.61
1033,1.95,6534.75,16.06,319.61,2,9.03,1612.13,28.19,0.76,12.37,52.92
1034,28.47,3343.52,5.79,295.22,2,10.8,688.76,15.17,3.32,11.58,23.73
1035,28.97,63493.18,5.94,100.0,1,,1468.72,9.29,4.11,5.84,7.89
1036,24.25,8496.2,10.69,392.94,1,14.43,1599.24,30.74,8.21,31.9,7.18
1037,9.14,8193.89,10.66,270.67,1,8.91,673.54,14.27,2.17,8.37,62.1
1038,2.93,7948.19,8.07,195.65,1,7.2,417.98,24.77,2.01,1.19,66.81
1039,20.53,9494.5,,261.0,4,14.4,1120.78,21.99,,17.18,12.02
1040,13.2,7219.29,0.5,,2,10.35,781.04,19.15,12.06,14.53,40.1
1041,3.66,5120.82,9.2,203.32,3,5.88,1747.44,19.87,2.71,15.74,51.67
1042,14.86,5231.81,3.57,263.85,1,3.64,1013.92,26.97,6.1,3.45,31.32
1043,1.03,7893.52,21.75,207.48,1,12.95,679.12,7.63,1.03,9.78,73.59
1044,27.28,5246.2,13.52,221.69,1,6.71,541.14,25.05,11.87,8.27,0.0
1045,7.76,4581.23,8.84,201.96,3,,1435.96,31.87,7.65,7.26,31.95
1046,19.88,8823.24,4.89,149.71,1,8.12,771.53,6.73,1.92,20.3,31.86
1047,9.35,6607.88,13.09,260.21,3,4.59,1017.53,9.22,9.35,8.46,48.91
1048,15.6,26989.26,4.0,290.97,2,9.82,1382.32,26.5,5.95,6.01,30.8
1049,16.4,971.87,13.5,286.04,2,2.79,806.3,18.12,3.94,5.96,35.27
1050,5.55,19403.44,23.31,307.39,2,7.37,981.63,17.11,5.55,3.21,51.39
1051,29.09,21957.59,21.96,272.7,4,9.11,993.37,9.11,7.47,9.1,7.14
1052,23.25,1542.7,5.78,212.71,3,7.67,,20.2,5.15,21.36,17.48
1053,28.18,6160.11,21.59,308.78,1,11.73,1236.3,8.8,3.63,6.42,11.65
1054,26.84,6020.03,1.96,154.97,1,12.76,911.95,19.3,5.98,10.19,25.12
1055,17.94,2628.03,9.08,186.95,1,12.03,1025.46,27.91,0.29,7.17,36.3
1056,27.66,4349.2,6.03,182.51,1,2.5,851.29,12.75,11.59,7.79,0.0
1057,2.65,,1.59,325.6,4,4.52,408.96,19.42,2.56,14.98,77.12
1058,5.88,32919.36,16.8,316.0,1,8.98,1103.04,34.76,0.66,3.17,50.02
1059,1.36,17129.25,18.81,284.11,4,14.15,1756.88,25.6,,1.97,52.69
1060,9.76,22409.59,18.37,325.04,3,12.85,646.51,30.24,9.76,17.2,43.11
1061,11.66,14433.94,11.71,188.45,2,12.95,690.79,17.45,11.66,,44.41
1062,8.14,3283.81,13.01,274.4,1,5.94,651.71,28.04,7.4,6.07,49.61
1063,24.86,,24.33,241.24,2,7.58,1289.84,6.22,3.08,36.43,7.17
1064,10.7,11986.06,9.12,309.28,3,8.12,1179.39,8.69,10.7,14.46,46.96
1065,8.43,3048.17,13.14,241.93,3,4.05,936.58,11.09,8.43,3.91,52.72
1066,16.28,14334.13,7.56,223.05,1,2.4,632.79,17.06,3.69,18.02,31.43
1067,4.23,6685.79,19.04,287.86,3,14.31,1036.95,30.37,4.23,14.7,54.94
1068,24.07,6003.77,18.48,311.33,2,5.13,374.15,15.39,1.57,0.12,37.45
1069,,14310.77,13.42,203.22,1,5.12,1057.37,24.64,2.24,9.35,54.0
1070,29.61,11561.21,11.65,,4,3.08,1348.61,26.28,12.9,3.32,0.0
1071,23.17,6070.69,12.04,,1,14.07,499.52,22.59,10.32,7.78,20.33
1072,5.96,20485.32,13.09,100.0,2,9.54,386.99,15.72,5.96,32.3,52.38
1073,0.17,3412.33,2.71,264.03,1,10.67,1631.78,22.31,0.17,15.43,73.79
1074,24.46,13263.2,13.31,292.62,1,13.85,755.3,15.27,2.86,16.88,17.04
1075,21.21,13023.11,22.76,268.34,2,6.49,1454.38,7.52,6.63,7.18,17.94
1076,21.87,6325.62,6.75,113.53,1,10.08,938.4,34.78,1.07,16.93,23.01
1077,23.14,10518.66,12.94,225.44,1,2.5,935.22,8.82,5.84,4.49,19.98
1078,2.22,2978.3,10.38,100.0,2,4.43,1175.37,7.17,2.22,9.26,61.02
1079,10.75,16970.33,,345.88,3,12.81,646.4,31.36,5.8,14.94,55.88
1080,3.48,6988.9,17.82,173.98,2,11.97,1053.0,14.06,3.48,14.62,65.79
1081,25.89,5333.81,7.7,337.88,1,,847.4,24.51,8.93,2.11,13.43
1082,18.7,18754.84,16.86,316.21,4,6.9,471.8,14.87,13.08,27.77,24.27
1083,9.93,,12.59,186.96,4,8.94,1134.99,16.74,0.71,3.76,61.14
1084,1.91,2626.04,3.57,170.71,2,2.0,894.68,12.86,1.91,40.7,60.39
1085,9.33,2332.5,7.26,274.53,4,5.14,,15.29,2.37,,59.5
1086,9.76,13158.3,11.55,190.9,1,4.71,515.94,,9.76,14.35,48.6
1087,21.89,2909.27,7.65,257.17,1,5.26,1636.56,26.61,,4.06,20.3
1088,19.13,32985.9,10.19,216.2,2,12.48,1350.69,20.35,9.97,5.54,15.38
1089,,1532.19,10.5,125.32,1,5.64,1385.66,33.31,4.29,26.29,0.0
1090,14.17,31481.81,7.47,100.0,3,4.49,877.82,6.26,2.98,24.05,41.09
1091,3.59,9593.24,4.94,265.87,1,8.56,308.33,20.09,3.59,7.34,68.21
1092,21.4,7499.78,14.36,210.69,2,13.25,1781.17,22.53,0.28,6.86,20.97
1093,22.82,5239.94,0.29,211.28,3,5.14,,32.61,6.57,7.02,13.69
1094,16.84,11151.27,9.02,,3,3.02,700.48,6.47,0.32,18.11,40.8
1095,23.13,7862.75,14.73,332.14,4,6.63,1166.72,22.2,7.25,16.92,14.85
1096,14.81,19587.39,18.8,230.92,1,11.72,1466.85,30.61,7.52,11.1,18.33
1097,15.68,8878.45,9.34,226.16,2,9.16,990.78,12.26,4.82,,42.89
1098,12.83,9138.41,24.18,285.01,4,12.62,1511.43,31.29,1.98,7.28,36.09
1099,0.76,6057.85,4.46,155.01,4,14.47,1433.2,,,38.61,72.03
1100,3.24,7742.22,11.67,265.62,1,12.3,569.45,26.97,3.24,2.36,70.65
1101,0.94,10365.53,9.75,288.63,1,9.85,730.48,32.99,0.94,6.13,71.35
1102,19.09,2062.89,,297.62,2,8.41,3383.01,24.72,7.96,10.54,2.43
1103,,2755.77,13.7,114.43,4,2.52,200.0,18.17,8.85,1.9,45.11
1104,15.26,14685.43,10.45,196.71,2,14.8,940.22,6.35,3.01,5.23,44.79
1105,27.23,9289.99,4.22,188.52,4,6.99,427.67,32.6,4.31,32.02,16.36
1106,7.48,6994.04,13.58,256.99,4,3.98,809.38,,2.43,16.15,60.87
1107,12.31,8223.47,2.67,283.65,4,10.67,880.47,5.87,3.74,5.2,61.29
1108,,10700.71,15.79,354.77,1,5.7,856.7,,3.37,5.06,24.62
1109,,5261.61,6.81,,4,9.62,,19.46,6.86,2.38,58.26
1110,2.31,4347.5,27.65,215.17,4,9.63,561.14,8.73,2.31,5.82,72.76
1111,8.69,9477.5,6.81,330.48,4,7.79,1916.76,11.43,8.69,12.57,38.87
1112,4.84,3704.49,10.39,270.76,3,12.87,1746.98,6.93,2.93,11.06,70.94
1113,27.89,11232.9,13.63,338.74,1,5.44,535.17,22.23,9.63,6.08,5.87
1114,24.24,2075.45,7.74,270.21,3,7.83,1632.85,23.66,12.26,3.71,6.27
1115,19.0,18459.32,17.68,169.0,1,8.99,840.21,20.17,8.4,7.2,23.71
1116,26.14,59131.31,11.67,156.68,2,10.63,1051.67,29.51,3.83,7.07,2.79
1117,24.11,,1.73,141.39,3,12.19,974.69,30.83,3.94,14.73,13.99
1118,5.6,17785.75,3.41,296.34,2,7.13,736.1,23.47,0.59,9.91,59.55
1119,26.78,30711.1,18.95,333.2,4,10.4,1393.54,5.38,4.58,,17.08
1120,16.18,18242.26,10.96,379.46,2,3.96,1050.35,25.86,11.17,19.21,24.88
1121,24.22,1858.08,9.5,309.02,2,14.12,809.38,17.54,0.71,23.91,31.58
1122,26.88,2911.25,10.68,,2,6.98,478.16,21.97,3.29,10.96,15.41
1123,9.54,4915.48,4.14,209.4,2,11.48,642.56,24.47,9.54,11.16,59.12
1124,3.3,8274.0,,169.05,1,2.26,343.45,15.51,3.3,7.6,64.71
1125,6.84,12260.37,10.51,309.51,3,4.67,1004.89,32.51,6.83,4.01,44.15
1126,12.81,4534.2,27.56,279.24,1,8.33,521.33,,10.47,15.56,43.72
1127,24.54,9408.92,10.02,257.52,1,13.42,893.78,25.15,5.82,13.51,19.22
1128,25.82,4427.96,9.79,277.12,1,8.85,1548.04,,2.4,8.09,32.49
1129,0.21,4968.07,11.07,,2,14.09,1479.72,32.74,0.21,9.94,70.11
1130,15.32,2629.82,,339.87,1,8.29,987.09,8.38,8.7,18.34,38.18
1131,12.52,3871.56,9.2,340.65,3,8.38,965.17,7.85,12.52,20.47,46.19
1132,6.66,2748.07,17.03,288.1,1,3.56,1751.95,14.99,1.03,0.49,62.37
1133,3.6,3711.91,8.91,309.21,4,12.43,1208.3,16.21,,4.91,67.55
1134,10.13,18824.48,19.09,,2,5.21,868.88,11.43,4.93,8.07,42.48
1135,28.29,3791.36,9.24,217.72,4,13.69,429.59,22.55,7.62,3.2,14.18
1136,9.7,66563.1,17.26,302.96,3,13.84,1157.55,18.29,0.36,10.13,55.59
1137,15.56,12023.93,15.48,152.39,3,14.26,1331.73,6.03,4.7,5.13,42.47
1138,21.09,9394.4,8.35,323.77,3,8.76,747.34,14.59,12.3,10.39,16.44
1139,10.91,4077.8,3.6,166.38,3,10.8,1116.48,29.31,8.31,5.26,40.87
1140,29.15,14189.36,24.15,270.01,1,12.12,854.57,25.69,6.76,5.46,0.67
1141,28.87,,9.06,190.84,2,3.7,926.39,26.75,4.28,10.33,1.37
1142,7.55,8933.9,12.17,288.74,3,9.81,200.0,,4.47,16.03,58.44
1143,14.92,62822.44,6.59,247.63,4,2.45,,14.33,5.75,12.95,32.9
1144,9.03,,7.3,138.37,3,8.47,1387.75,7.99,9.03,8.13,51.09
1145,,20321.17,19.07,279.45,2,4.01,747.44,13.17,8.55,1.32,42.39
1146,1.11,4616.81,21.06,,4,4.38,1021.01,29.95,1.11,5.34,51.17
1147,18.29,7879.42,14.44,311.68,4,6.75,697.62,34.41,5.9,4.86,26.81
1148,15.08,33411.0,10.04,250.09,4,7.62,1144.18,19.82,12.7,14.09,25.31
1149,1.54,4907.04,15.34,277.68,1,10.1,913.39,5.29,1.54,9.39,76.57
1150,8.36,34542.95,7.84,182.97,3,2.97,624.3,9.2,8.28,,38.93
1151,27.25,14274.09,11.9,208.75,1,8.55,1533.02,14.66,3.46,4.18,12.38
1152,7.19,5166.89,5.29,217.9,4,4.37,,22.36,7.19,21.02,48.37
1153,4.35,13439.13,5.05,309.97,1,9.46,758.04,7.25,4.35,9.61,71.58
1154,14.68,17642.1,14.19,367.42,1,,1199.12,33.3,12.14,3.96,17.02
1155,29.57,13325.68,12.88,193.64,1,9.24,1214.96,15.95,11.71,4.22,0.0
1156,7.26,2307.27,12.43,325.38,3,,1256.92,32.38,3.23,10.67,53.7
1157,20.16,4529.15,9.06,100.0,4,6.36,322.3,28.42,10.73,3.82,17.32
1158,22.85,6647.43,12.47,166.41,4,11.95,1402.64,27.66,12.0,4.92,5.43
1159,7.13,,6.89,182.89,3,7.63,772.12,23.2,5.19,3.05,50.25
1160,,13313.55,1.66,155.32,1,8.29,856.87,23.8,2.59,14.01,23.71
1161,11.03,9340.93,11.05,139.15,1,10.43,2055.15,24.14,0.04,3.91,33.59
1162,18.97,2784.22,3.77,278.91,2,2.24,1120.75,23.86,6.76,23.38,25.8
1163,19.01,10983.6,16.47,235.02,2,10.5,845.47,21.61,5.29,11.66,27.31
1164,16.07,13206.56,20.63,276.56,2,10.04,200.0,34.59,8.32,3.04,35.28
1165,2.71,12680.65,25.37,298.33,3,6.03,1555.91,26.97,2.71,12.87,43.52
1166,25.06,19237.65,10.87,268.59,4,3.12,461.92,28.31,12.89,21.05,2.82
1167,9.62,15790.09,6.45,296.04,2,3.18,598.62,31.17,3.87,7.85,47.64
1168,,11700.0,12.08,,4,14.0,867.46,11.47,3.4,22.72,61.08
1169,1.22,7660.77,9.9,166.91,4,10.96,1566.56,7.51,1.22,11.82,73.37
1170,17.73,2145.72,11.09,324.05,4,,1309.3,19.49,7.48,5.14,30.58
1171,20.33,11426.55,,,3,6.64,,20.42,3.23,,16.93
1172,0.5,9567.72,8.76,184.51,3,9.7,1123.32,29.88,0.5,2.31,68.81
1173,15.36,10069.47,10.05,237.55,3,12.86,759.85,18.31,2.55,,47.14
1174,6.79,2917.85,5.38,186.1,3,2.57,,22.13,6.79,8.13,43.09
1175,19.36,3412.34,10.3,220.78,2,5.08,1029.33,20.81,11.55,28.82,20.79
1176,5.23,18817.12,23.03,274.08,1,13.57,1387.51,6.15,5.23,,63.37
1177,20.73,7850.68,6.99,274.38,1,2.12,1386.87,23.46,10.71,12.59,13.42
1178,11.6,13977.45,17.62,187.15,1,4.62,1197.59,29.84,11.04,4.48,22.22
1179,28.1,8288.75,9.6,215.86,2,14.47,855.06,9.73,2.07,7.62,13.64
1180,4.13,8298.29,17.83,,1,9.97,1296.73,22.83,4.13,5.24,62.28
1181,10.23,17164.99,16.73,284.75,2,5.4,963.21,22.81,10.23,12.29,34.73
1182,3.4,5362.39,4.99,395.25,2,2.87,567.23,9.93,3.07,18.83,75.29
1183,27.74,8750.77,16.54,332.61,2,2.37,838.68,8.7,2.79,37.22,13.23
1184,26.32,5598.08,3.42,330.1,1,5.18,1033.81,34.4,1.88,5.74,22.12
1185,7.74,5723.88,4.1,152.85,4,13.46,1364.09,16.81,2.08,2.24,57.13
1186,19.8,6327.51,9.14,303.47,1,7.41,926.59,11.82,11.22,6.51,25.48
1187,24.52,9678.93,21.87,246.28,1,11.36,516.32,10.14,7.04,17.1,15.01
1188,16.66,5524.79,14.04,211.43,3,13.94,1022.7,25.03,11.74,4.01,22.3
1189,15.89,22128.13,5.58,261.76,2,7.3,1045.38,23.28,11.19,8.35,21.24
1190,7.26,3961.25,2.15,316.16,4,4.49,1074.34,24.31,7.26,12.71,44.55
1191,2.79,6977.9,15.23,285.06,3,8.72,1367.95,7.64,2.79,5.84,72.15
1192,26.92,5699.96,11.18,188.51,4,13.81,1407.57,31.81,0.28,9.92,15.81
1193,27.01,25785.88,12.27,301.97,4,12.46,762.32,16.68,4.68,3.67,26.79
1194,18.99,9482.88,13.72,205.37,2,2.86,753.54,14.4,,95.0,4.23
1195,10.17,18499.07,19.04,265.17,1,11.0,583.92,18.87,0.14,6.91,54.49
1196,10.48,2468.96,10.22,228.77,2,9.43,1279.53,16.7,0.49,9.71,59.73
1197,21.78,10033.05,20.05,234.68,2,13.8,1579.53,30.91,12.78,1.38,1.87
1198,26.91,16509.72,6.16,303.64,3,3.59,873.97,32.88,10.26,3.21,1.23
1199,,8654.44,2.53,177.19,2,8.94,903.43,14.1,3.98,16.7,16.12
1200,23.4,,17.93,386.16,1,13.43,1586.71,30.92,10.32,5.77,8.55
1201,19.26,5357.05,4.4,122.52,4,7.33,1202.22,28.45,11.89,3.84,7.41
1202,2.52,25021.18,11.99,208.16,2,,1174.49,32.92,2.52,2.06,54.33
1203,4.85,,21.45,275.91,4,2.92,523.63,12.37,0.54,19.47,58.0
1204,26.96,6061.6,2.68,290.9,2,5.62,1271.49,22.31,13.99,13.81,0.0
1205,18.19,5673.71,13.49,242.97,4,6.22,628.35,13.24,5.18,13.17,36.86
1206,0.28,25918.38,2.47,245.98,2,14.29,546.39,29.72,0.28,24.8,77.34
1207,3.04,28671.47,10.68,278.74,3,5.67,861.29,5.16,3.04,6.43,66.04
1208,19.91,5333.23,0.59,233.83,4,7.99,765.68,21.94,11.53,2.27,26.58
1209,,5789.79,3.72,347.52,2,10.73,911.36,15.18,0.15,,79.28
1210,4.82,6467.68,6.48,308.75,2,4.11,423.61,14.68,4.04,27.98,67.19
1211,16.46,2764.01,2.22,311.1,3,8.32,1383.53,24.35,3.64,,41.36
1212,20.76,3885.78,14.51,182.37,3,11.6,1451.07,30.54,14.88,18.49,0.0
1213,19.56,3628.91,13.05,244.44,3,13.27,221.06,23.28,2.96,2.36,40.09
1214,6.73,4384.2,22.07,228.97,4,10.14,1391.38,30.6,6.73,4.4,37.0
1215,21.37,7881.33,4.4,179.61,4,10.7,675.79,12.94,13.88,16.02,19.48
1216,7.12,9772.93,8.69,275.21,3,3.64,1342.79,20.59,2.2,9.56,51.68
1217,9.76,28012.34,,212.36,1,14.3,972.62,18.52,9.76,7.74,53.56
1218,22.39,3645.75,7.07,295.88,1,3.72,1011.51,,14.21,18.32,24.32
1219,19.49,17808.98,23.82,175.09,2,12.07,925.96,21.7,13.27,15.87,13.26
1220,25.48,6828.15,15.89,370.33,1,5.44,1484.85,24.85,3.22,9.75,10.17
1221,19.73,7788.7,4.22,187.26,2,14.14,504.16,22.76,9.51,0.5,28.88
1222,,13902.94,1.25,265.35,4,11.36,1243.14,27.09,11.41,8.45,31.06
1223,2.81,3300.48,1.12,305.43,4,11.8,1440.53,22.14,2.81,11.56,68.62
1224,11.03,11003.05,14.72,210.06,1,4.85,1286.54,7.0,2.71,1.43,49.6
1225,7.96,9257.24,6.37,309.67,4,7.76,1929.88,8.49,7.96,11.27,55.85
1226,7.32,12015.6,29.52,163.96,3,10.03,788.42,22.89,5.08,18.89,42.41
1227,29.19,10212.16,9.75,351.65,3,12.01,1382.92,13.25,2.63,8.44,22.28
1228,11.79,57770.88,6.84,250.99,1,,957.56,7.39,6.32,3.45,44.5
1229,26.76,4864.93,3.23,208.25,1,14.51,1493.36,17.89,11.91,0.61,13.55
1230,18.93,5298.62,17.91,229.06,2,13.57,,21.63,6.97,11.44,29.14
1231,,4922.09,7.89,306.62,4,5.51,844.85,14.86,8.06,1.64,22.17
1232,15.08,5195.86,,209.09,2,12.7,1522.43,26.61,14.93,13.1,18.04
1233,17.31,4866.31,11.17,197.54,2,8.74,803.38,24.31,5.99,27.09,28.18
1234,14.78,20977.66,9.97,,3,8.0,434.91,14.98,9.23,4.58,32.32
1235,5.86,25245.5,15.55,167.61,3,6.09,793.26,27.65,5.48,7.05,41.16
1236,21.67,5132.78,3.59,377.44,3,9.55,1247.61,24.46,5.89,28.12,27.3
1237,8.42,4163.52,9.57,210.35,3,11.49,1556.82,24.12,8.42,9.24,36.25
1238,0.73,11815.09,8.02,308.21,2,,1044.45,21.6,0.73,5.82,70.56
1239,19.36,5209.41,16.04,264.66,3,10.18,1527.28,5.34,8.14,17.09,26.2
1240,5.31,13444.77,18.7,181.08,4,11.09,456.73,25.9,5.31,6.09,54.66
1241,28.21,9531.32,5.12,249.58,3,11.24,822.69,16.28,1.34,4.32,21.18
1242,28.62,2410.05,16.15,,3,2.68,884.57,33.28,3.17,12.95,2.15
1243,27.45,27945.3,3.58,236.82,3,13.18,954.18,29.54,7.53,18.05,0.0
1244,11.1,34088.05,9.91,333.52,1,7.96,1033.64,22.63,,4.29,49.37
1245,0.46,4963.02,10.58,321.51,4,5.41,1276.36,12.57,0.46,9.83,71.95
1246,27.85,5942.22,18.2,314.32,4,5.14,822.08,11.11,7.76,7.3,7.68
1247,12.85,,15.58,217.82,2,8.28,1055.61,15.21,0.22,8.26,49.03
1248,29.0,10588.94,3.89,174.41,2,13.53,981.95,19.3,3.97,3.48,17.13
1249,28.91,13723.09,,207.05,3,6.92,629.64,13.88,7.71,13.66,0.0
1250,25.59,40463.82,11.91,263.74,1,11.75,954.53,20.45,8.6,23.32,13.83
1251,8.83,7033.52,23.62,288.21,2,3.26,942.54,9.96,8.83,4.2,42.36
1252,11.55,4278.52,7.04,100.0,2,8.19,933.97,,9.68,13.65,26.97
1253,25.53,2687.98,8.58,249.43,3,14.89,1012.7,8.24,6.22,16.82,23.58
1254,9.51,4515.43,24.82,261.07,3,12.02,1030.27,32.96,9.51,9.77,35.88
1255,5.08,7891.16,19.49,230.57,2,4.74,827.08,32.41,5.08,13.25,54.49
1256,16.7,34052.08,3.85,340.39,2,8.52,1509.09,20.76,3.0,4.65,28.2
1257,28.08,5355.67,9.99,279.52,4,5.04,532.21,26.75,1.96,22.44,5.69
1258,20.88,,13.65,341.71,1,7.32,711.61,18.08,10.14,18.14,23.52
1259,17.1,7997.32,16.04,234.88,4,12.14,2111.99,23.9,8.4,19.57,14.93
1260,2.92,20967.2,4.72,315.62,2,12.03,584.8,15.22,,2.94,76.81
1261,18.45,,22.29,364.45,4,4.97,458.5,14.03,11.08,12.07,23.96
1262,29.7,5299.17,2.52,341.82,4,13.99,1293.79,,9.38,4.96,4.88
1263,4.2,5477.74,,173.55,2,9.7,200.0,19.94,4.2,23.74,63.84
1264,15.55,18682.24,,,3,6.94,905.89,22.39,8.0,4.28,25.82
1265,26.32,13981.82,10.84,225.84,2,8.53,1858.33,13.6,1.7,10.07,19.37
1266,22.22,35502.77,11.08,284.25,3,9.87,382.03,16.01,12.42,0.99,22.52
1267,20.91,12927.89,12.05,298.04,2,9.28,207.21,7.52,3.78,10.03,39.05
1268,21.07,6078.82,5.61,191.28,2,8.32,400.33,6.57,11.66,2.98,22.47
1269,10.78,12997.65,2.95,254.75,2,8.56,1359.34,12.6,10.78,12.52,44.3
1270,,19672.22,13.17,108.61,1,4.29,1449.91,7.23,8.81,95.0,20.85
1271,24.28,15621.22,14.39,350.94,3,12.57,794.96,8.11,8.94,6.24,31.69
1272,24.3,12158.93,12.39,,1,9.04,1273.28,29.39,6.91,24.14,0.0
1273,26.01,19021.78,7.21,253.91,2,3.7,1556.1,6.17,5.47,33.84,7.53
1274,27.4,20649.3,4.42,228.32,4,11.96,1714.94,24.77,,2.17,0.0
1275,15.34,24482.83,9.07,330.22,1,14.12,901.47,13.18,9.55,6.41,41.98
1276,15.05,13615.55,25.56,100.0,3,14.31,200.0,31.15,11.27,15.2,27.69
1277,23.95,7089.04,9.73,248.84,2,6.8,671.65,19.55,10.18,11.07,20.98
1278,19.5,9112.21,8.64,242.59,1,3.76,,14.17,2.98,14.62,33.53
1279,21.06,21273.28,9.94,218.25,4,8.74,896.42,20.53,7.41,,16.65
1280,23.87,,9.5,370.84,1,3.46,924.86,16.46,11.87,18.66,17.97
1281,26.7,10882.8,21.28,187.89,3,14.14,,21.93,7.14,9.75,0.0
1282,10.14,5915.49,15.62,304.03,1,4.39,1509.77,8.44,8.05,11.55,42.21
1283,11.27,8291.58,6.79,274.94,4,5.29,931.33,34.91,11.27,2.98,33.03
1284,2.82,22533.57,8.16,338.31,4,7.29,1439.39,17.77,2.82,9.01,58.68
1285,17.35,9441.59,,203.3,3,6.98,,15.45,6.14,15.32,32.68
1286,1.08,8409.77,11.56,198.69,4,12.33,1025.8,,1.08,10.63,76.33
1287,13.97,2730.16,5.63,326.72,2,7.93,1362.62,15.92,2.44,9.32,48.28
1288,16.28,14720.6,7.54,279.77,4,4.22,1028.9,30.0,14.93,12.08,12.2
1289,8.6,13580.46,,141.85,2,5.47,1823.12,18.63,1.78,9.7,34.39
1290,17.72,,21.77,212.25,1,,424.64,26.59,0.22,8.11,29.86
1291,0.92,6334.57,8.3,277.05,2,3.92,793.93,8.22,0.92,15.65,76.66
1292,1.12,9655.86,7.75,308.64,2,9.95,949.39,30.38,1.12,7.68,64.98
1293,24.68,9892.25,15.67,202.45,1,9.35,1175.78,27.07,10.95,2.8,2.57
1294,10.81,28622.91,2.2,100.0,4,11.29,,11.35,10.81,23.41,42.89
1295,3.81,7508.29,20.53,286.63,2,14.19,990.24,9.36,,5.09,62.08
1296,15.67,10129.6,,164.58,4,13.86,431.11,14.49,14.87,2.06,29.67
1297,23.1,13178.17,13.99,108.79,1,14.3,1337.01,34.28,4.41,13.17,2.38
1298,6.47,9407.73,,100.0,3,5.18,1301.98,12.7,,25.43,49.07
1299,18.69,5669.48,15.97,306.98,4,3.71,223.26,18.68,1.73,13.39,41.97
1300,2.56,9464.2,14.41,259.0,4,5.93,998.48,5.9,2.56,21.21,70.68
1301,,19127.94,13.47,234.2,3,13.64,363.94,16.92,1.55,3.87,70.07
1302,15.94,3564.53,5.03,347.23,3,14.64,734.14,22.14,5.51,2.84,48.4
1303,16.22,9012.57,7.47,294.61,1,,638.88,33.59,8.87,6.39,33.18
1304,19.12,4628.11,12.36,363.14,4,3.43,1323.71,20.5,7.56,17.72,22.07
1305,21.78,21079.1,6.44,152.51,4,,1046.73,,9.69,12.55,11.88
1306,29.28,2395.75,6.24,247.58,1,7.5,485.76,21.41,14.59,13.22,0.0
1307,15.49,5181.57,19.57,136.83,4,2.12,1352.03,6.22,0.84,9.32,33.67
1308,9.69,10957.39,1.62,233.94,2,7.75,426.48,14.45,8.61,6.49,55.64
1309,23.86,28351.05,20.05,232.6,2,2.6,1132.05,22.27,12.95,9.64,0.0
1310,8.12,7687.88,5.02,293.86,2,9.07,674.4,,7.22,7.47,51.96
1311,13.17,5197.02,15.13,253.19,4,6.4,853.73,30.77,1.18,6.13,48.03
1312,,36494.82,12.89,293.64,2,8.15,1201.71,11.85,2.35,11.29,73.76
1313,0.76,2544.24,4.85,299.24,2,9.97,1208.58,11.6,0.76,6.92,74.39
1314,28.88,1395.43,6.59,400.85,1,13.29,1534.79,11.04,2.32,10.37,28.83
1315,25.08,11521.98,16.84,227.93,1,10.6,967.1,32.67,12.74,1.13,11.48
1316,20.88,5422.74,8.92,184.13,3,7.64,1122.58,30.58,7.82,9.74,14.96
1317,12.27,3579.63,29.9,267.23,3,12.65,824.91,28.25,12.27,6.88,31.83
1318,5.2,14281.0,7.06,193.84,3,,1072.8,16.78,5.2,21.98,63.79
1319,4.69,9848.17,6.78,353.74,3,3.56,1175.79,20.13,4.69,1.96,60.45
1320,7.51,5160.23,4.05,230.17,1,8.92,960.68,,0.08,,66.08
1321,16.48,2909.56,6.21,210.41,1,,278.5,12.6,6.42,15.45,39.93
1322,21.44,16284.45,10.07,,1,2.61,1132.59,20.15,2.96,7.71,18.64
1323,19.81,13631.8,27.95,300.29,2,10.69,1145.82,5.91,13.66,6.7,21.44
1324,8.4,7485.02,6.52,238.96,2,13.22,727.93,8.95,2.62,15.41,68.64
1325,28.65,35500.77,1.43,205.08,3,4.12,486.25,31.6,4.29,,4.09
1326,22.14,3442.43,7.48,366.57,2,12.56,1590.35,27.55,7.75,13.0,16.31
1327,16.63,2391.27,11.21,190.07,4,13.09,1196.58,17.69,3.95,6.14,31.87
1328,18.35,,20.16,252.49,1,13.89,908.37,20.51,3.15,5.52,34.59
1329,12.59,7812.9,11.62,295.66,3,5.45,545.19,16.1,8.99,,46.32
1330,7.43,9844.53,8.55,135.81,3,13.75,671.27,27.22,1.33,16.31,59.31
1331,10.68,6680.92,,283.62,4,6.17,1521.04,28.53,0.87,2.46,38.41
1332,22.74,10739.08,15.97,176.14,2,9.18,1055.06,27.9,5.58,7.92,3.23
1333,0.43,2977.29,10.64,307.59,3,2.66,779.77,26.68,0.43,5.73,72.04
1334,3.48,25719.68,16.08,182.61,2,2.57,1203.88,11.14,3.48,,57.46
1335,1.38,7587.66,4.22,298.49,2,11.36,674.24,15.14,1.38,14.45,78.6
1336,1.22,19807.91,7.58,327.41,4,7.78,1600.34,19.1,1.22,4.21,61.13
1337,25.66,10659.22,14.19,310.3,3,5.33,1541.12,14.92,5.48,13.33,7.68
1338,21.11,11677.31,3.14,267.59,2,4.48,813.37,27.65,14.04,6.31,14.03
1339,14.23,12782.26,4.94,233.81,2,10.71,,14.88,0.82,18.09,54.71
1340,2.94,11593.12,9.66,209.65,4,2.01,200.0,9.15,2.94,4.43,66.07
1341,,13550.49,,352.97,4,12.48,407.37,16.97,13.37,16.15,40.73
1342,14.2,23466.33,21.97,,2,3.03,464.21,34.4,12.06,2.73,24.19
1343,5.2,9482.63,5.28,177.41,4,4.49,1054.08,11.78,2.76,,55.03
1344,13.02,14288.4,11.96,296.58,2,7.02,869.51,23.36,4.44,13.53,45.49
1345,11.96,7541.76,20.59,194.27,3,8.3,461.87,17.99,10.76,4.54,38.71
1346,18.48,25644.74,16.04,183.5,1,6.61,887.53,7.13,1.26,5.89,28.22
1347,19.05,4716.8,11.37,148.95,4,6.17,1202.13,19.64,12.18,8.75,21.06
1348,1.36,34226.39,12.7,216.2,1,14.53,1211.14,,1.36,6.68,62.65
1349,11.24,7846.9,5.54,244.21,2,10.34,240.13,20.4,10.94,5.44,42.12
1350,18.78,2579.57,8.04,267.02,2,2.3,948.69,31.16,1.5,15.57,25.06
1351,15.09,8977.56,9.68,316.59,2,7.59,446.66,13.67,10.77,19.36,34.32
1352,25.69,4699.25,9.18,286.88,1,13.38,1360.69,7.59,10.2,18.59,16.69
1353,,15875.22,8.63,236.64,2,5.92,1313.66,33.1,12.46,11.97,1.34
1354,4.89,4807.35,4.92,236.13,4,,640.79,16.35,,,65.54
1355,2.12,5670.62,20.64,285.71,3,11.86,693.58,22.29,0.35,3.9,72.17
1356,19.27,,10.49,339.08,3,9.88,815.49,28.76,5.6,8.14,34.57
1357,0.8,5642.91,9.24,258.84,4,9.41,200.0,14.73,0.8,9.3,84.65
1358,17.57,1165.49,3.84,217.16,3,2.7,1134.39,26.48,8.38,10.66,21.68
1359,28.21,2282.16,13.61,180.5,1,3.83,890.86,9.06,13.76,10.52,4.84
1360,17.26,14888.31,,,2,10.09,1388.07,13.74,5.87,8.76,25.04
1361,11.65,15193.76,6.48,296.64,2,4.7,560.64,,11.65,11.87,45.1
1362,19.3,11388.58,7.78,290.46,2,8.55,752.35,29.34,0.0,10.18,42.03
1363,13.75,3738.42,15.56,290.42,1,9.08,397.39,11.68,2.53,10.16,52.21
1364,16.37,7799.62,12.96,240.99,1,5.69,,26.52,0.46,4.81,40.4
1365,28.24,8079.76,2.28,348.49,1,14.33,527.21,33.3,,3.12,19.63
1366,11.58,3207.7,20.27,216.11,4,12.95,1398.39,20.83,11.58,10.69,30.77
1367,28.84,26976.43,12.18,316.87,1,11.39,720.7,21.2,1.45,6.1,22.73
1368,27.16,16348.47,11.89,247.29,3,3.01,1049.67,18.83,9.1,5.0,3.77
1369,5.87,6790.15,5.47,207.42,4,3.38,847.69,14.78,5.87,13.78,56.77
1370,2.08,8279.26,17.97,,4,8.41,492.21,19.27,2.08,8.21,63.53
1371,3.02,9573.04,10.07,278.67,4,4.09,932.68,23.08,1.84,21.27,57.74
1372,0.55,1582.26,6.78,274.99,1,14.72,1239.64,34.58,0.55,12.77,78.59
1373,2.83,6649.24,3.21,255.69,4,4.06,516.9,,0.44,4.55,71.71
1374,20.49,4695.75,9.3,247.35,1,8.34,1323.65,30.86,6.51,13.89,17.01
1375,2.14,3636.23,19.37,417.19,1,6.73,660.11,31.67,2.14,11.47,70.77
1376,9.57,6471.22,6.77,332.9,4,10.31,806.81,19.04,9.57,4.4,50.94
1377,25.35,34137.41,2.99,300.6,2,3.68,1212.27,24.72,9.07,5.51,5.3
1378,0.7,13530.13,7.41,257.83,2,7.59,734.63,31.85,0.7,13.44,62.68
1379,24.43,5131.0,6.72,320.5,4,5.57,1015.03,16.79,7.98,1.54,13.46
1380,8.46,12811.09,11.05,286.26,2,13.54,874.12,33.85,1.38,0.94,53.24
1381,3.54,24821.97,5.24,251.83,3,2.53,1051.75,17.47,3.54,9.75,58.85
1382,20.9,16978.57,6.17,228.75,3,13.88,200.0,23.03,14.99,9.22,18.08
1383,18.87,8499.0,3.6,244.34,1,12.83,268.13,26.29,12.53,10.39,33.31
1384,26.32,4829.27,13.86,100.0,2,5.87,1246.39,33.52,13.4,9.24,0.0
1385,22.05,14165.7,6.6,264.74,3,12.26,1414.87,12.34,12.35,11.76,15.24
1386,24.1,11100.98,5.82,215.81,4,2.41,,27.38,1.55,19.53,22.35
1387,8.46,16583.35,18.05,361.49,2,14.57,902.39,20.62,3.41,8.62,58.6
1388,5.32,13468.88,21.17,251.35,3,8.85,1117.89,13.06,0.05,,58.39
1389,22.52,18763.0,15.09,166.77,3,5.94,1277.29,28.3,,1.34,6.93
1390,24.21,5280.69,19.91,246.51,4,6.71,200.0,21.57,1.63,6.54,20.34
1391,,23246.63,16.93,176.77,1,2.86,645.58,24.83,7.09,6.68,0.0
1392,12.38,9490.81,8.69,283.14,4,14.86,866.97,14.69,10.16,2.67,52.86
1393,11.16,42625.53,4.22,270.37,1,2.51,1281.26,19.44,11.16,0.73,34.22
1394,23.29,4668.76,7.08,317.05,3,10.51,1999.37,23.52,11.24,6.16,15.3
1395,10.22,32492.71,6.24,,1,7.76,908.8,17.15,10.22,25.34,28.87
1396,27.92,9493.18,14.33,252.38,3,14.34,437.21,,0.81,11.42,25.73
1397,25.75,4811.99,9.53,154.45,3,5.2,1160.91,33.85,0.18,10.72,0.59
1398,12.87,5502.13,1.78,299.1,2,8.92,1528.4,,9.92,7.53,37.11
1399,22.53,6271.19,7.1,286.32,1,8.27,1043.21,27.02,4.34,6.53,22.2
1400,22.64,11376.81,3.24,,1,11.14,637.34,17.33,3.8,12.25,41.72
1401,3.09,12311.25,9.33,250.11,1,2.88,1383.2,15.65,3.09,2.98,58.97
1402,27.08,5120.67,18.25,279.03,4,4.52,1265.42,17.21,4.05,29.74,4.82
1403,15.16,7946.73,4.44,362.3,2,4.79,589.57,17.28,7.67,3.2,48.1
1404,24.79,44972.94,20.96,230.04,2,11.6,1152.57,21.33,6.6,13.04,5.13
1405,9.6,32274.56,9.98,259.71,2,4.46,1398.91,21.3,7.69,3.49,42.92
1406,26.87,11488.01,14.31,173.97,4,9.46,1472.76,19.91,10.09,9.41,0.0
1407,11.68,8353.22,5.64,189.22,1,,973.42,9.04,5.81,,48.4
1408,0.33,8919.77,10.25,256.85,1,13.2,856.77,19.88,0.33,1.83,71.75
1409,,13237.57,20.96,327.28,1,,1490.91,10.07,2.49,3.85,28.27
1410,,17875.81,19.28,232.06,2,8.74,515.94,8.78,2.74,4.08,65.14
1411,9.58,6595.21,10.56,233.49,2,6.58,1175.43,,9.58,6.98,32.71
1412,28.5,2132.68,8.94,221.52,3,5.04,451.99,23.15,11.35,10.29,3.24
1413,28.52,11152.05,11.06,212.57,4,2.65,1426.15,24.78,10.0,25.68,0.0
1414,17.2,,12.85,270.65,4,5.49,896.78,17.05,3.51,5.47,29.26
1415,18.96,5505.21,22.3,145.19,2,,1507.43,32.27,8.82,24.61,2.33
1416,13.45,28543.64,6.49,339.67,3,8.94,1196.57,24.14,8.56,11.13,26.55
1417,8.8,3039.32,6.19,203.42,1,14.27,510.71,28.08,7.26,3.1,57.57
1418,9.86,2511.16,8.38,300.53,2,7.15,1569.85,16.06,8.25,7.56,51.11
1419,20.18,9696.9,4.27,161.1,4,11.02,1620.5,33.8,7.38,2.3,10.7
1420,22.57,18726.2,14.58,296.82,4,8.36,1352.91,29.61,8.48,6.54,7.68
1421,23.75,31167.84,2.79,297.04,4,8.66,695.36,,10.73,6.19,10.26
1422,23.69,5613.29,23.01,276.89,1,5.48,877.59,10.17,1.64,9.53,17.06
1423,2.74,,11.27,180.39,4,7.91,1058.17,13.13,2.74,13.07,66.21
1424,14.83,7857.26,15.18,267.47,1,8.12,,13.57,2.04,8.02,43.83
1425,1.73,7057.87,1.83,167.19,1,11.19,1676.94,13.13,1.0,3.44,71.47
1426,16.49,16431.05,,232.31,1,14.23,1057.73,30.66,14.64,21.21,14.38
1427,13.25,13654.96,13.04,322.06,2,6.28,200.0,5.96,,26.77,39.82
1428,,2295.91,13.8,305.77,1,2.55,1135.74,7.28,0.91,7.43,30.63
1429,10.53,26402.98,9.48,251.06,3,8.45,860.74,13.22,6.65,10.78,52.47
1430,3.51,24442.36,16.97,181.76,4,9.08,970.03,11.0,,,51.75
1431,4.29,4912.56,5.15,295.19,2,4.19,852.55,11.96,4.29,9.58,65.77
1432,22.85,11121.58,13.2,,4,11.89,1322.82,28.94,12.45,9.96,0.0
1433,18.55,12030.79,2.67,,1,14.8,1447.88,,14.26,2.71,19.3
1434,3.03,9982.0,4.23,304.78,2,14.3,1113.22,5.17,3.03,6.64,80.69
1435,2.52,5217.41,21.43,248.3,3,4.56,864.28,17.88,2.52,17.12,62.97
1436,21.03,4734.83,6.38,334.17,1,13.38,983.47,17.24,9.05,16.12,29.36
1437,2.18,7939.11,4.92,173.33,4,11.16,1007.84,8.42,2.18,6.54,70.35
1438,24.66,20706.09,12.4,100.0,3,7.9,679.03,25.28,,10.1,0.0
1439,21.19,12517.46,20.03,,1,9.03,1231.57,26.06,13.06,6.94,0.0
1440,2.44,6024.01,,270.41,3,13.04,1184.02,26.63,2.44,13.42,61.07
1441,2.55,15023.32,27.19,,1,8.24,1616.18,26.85,2.55,1.81,36.23
1442,29.6,,6.63,181.51,2,6.85,1502.14,5.0,4.4,12.27,11.93
1443,11.23,20312.92,17.81,442.87,1,8.41,725.73,33.62,0.5,22.16,44.94
1444,11.12,2014.71,11.48,228.61,2,9.53,1328.12,29.43,11.12,4.76,34.26
1445,24.38,6063.53,8.21,301.17,1,4.46,619.62,32.12,6.76,20.19,15.98
1446,28.42,3308.55,14.28,204.45,1,13.71,1278.37,,4.88,10.48,20.1
1447,29.58,2876.29,3.49,103.68,4,10.76,793.35,33.02,7.07,8.01,7.09
1448,22.6,,9.52,238.08,3,10.23,590.7,29.29,12.28,6.5,13.35
1449,11.29,5573.84,8.5,231.41,3,,1112.02,30.12,1.87,20.66,34.5
1450,2.51,10691.49,13.52,222.01,3,9.85,200.0,7.8,2.51,6.96,82.47
1451,23.31,7804.56,11.62,241.98,1,3.57,299.61,27.16,13.46,24.39,12.63
1452,16.75,11868.38,13.92,268.5,1,3.02,929.0,33.8,14.2,22.56,10.04
1453,12.73,8616.7,,239.49,1,8.86,1032.98,25.36,5.96,5.78,36.29
1454,27.19,2903.31,9.7,161.52,2,7.24,852.27,22.12,3.26,7.37,14.12
1455,3.34,,12.1,284.03,2,9.65,368.23,33.37,3.34,1.25,67.3
1456,14.78,5458.86,22.74,113.54,4,3.16,672.84,18.29,4.99,8.21,29.15
1457,0.34,2332.59,11.76,106.47,1,,1156.48,22.98,0.34,9.01,67.58
1458,14.06,,9.49,301.74,3,4.27,1232.71,19.29,9.11,18.37,28.62
1459,1.69,26919.54,,285.49,3,14.83,993.51,32.99,1.69,23.37,54.22
1460,3.56,15997.33,9.91,,4,9.29,,7.28,3.56,14.31,57.31
1461,3.53,6130.79,23.66,152.32,3,10.94,1158.96,20.03,0.48,,60.66
1462,19.48,6127.82,,200.45,4,6.23,701.02,25.61,9.66,7.37,10.94
1463,22.38,6264.74,7.71,231.61,1,3.23,887.8,28.76,11.44,2.88,11.26
1464,17.5,42676.27,8.63,138.29,3,14.69,438.85,22.49,11.39,10.46,22.22
1465,28.87,10998.88,18.19,198.27,1,5.72,956.74,32.27,13.29,18.16,0.0
1466,11.25,11430.42,17.28,295.66,2,7.51,1444.84,33.26,10.94,0.35,20.36
1467,8.57,18475.98,18.91,349.91,3,10.45,1274.12,6.93,8.57,9.33,53.22
1468,26.06,9808.76,10.16,220.64,2,2.32,,17.07,4.99,1.47,0.4
1469,6.71,6586.43,11.43,302.95,3,12.53,878.85,5.7,6.71,4.43,63.96
1470,28.9,6925.19,9.27,116.02,1,8.98,1538.44,14.88,0.21,9.61,7.98
1471,0.36,7651.97,9.33,296.16,4,5.62,922.68,21.11,0.1,23.62,66.34
1472,29.1,7865.35,,193.72,1,2.8,1588.63,,3.6,8.64,0.0
1473,,14502.9,19.66,271.51,1,,991.26,30.4,,13.67,49.37
1474,26.73,8446.92,13.28,232.66,1,13.64,1282.89,8.82,3.9,10.39,19.49
1475,15.83,14561.15,13.71,342.43,3,10.92,1590.04,7.79,2.66,4.67,51.35
1476,29.79,7596.38,18.93,188.79,4,5.25,922.63,22.68,0.43,11.91,0.0
1477,2.21,8629.21,2.31,293.93,2,2.85,1087.36,20.96,2.21,2.8,66.39
1478,16.62,1638.34,13.37,230.43,1,10.98,1515.55,12.99,0.12,8.55,45.11
1479,,16866.12,20.22,238.92,3,9.44,946.8,31.98,11.04,20.4,0.0
1480,15.69,10691.36,,237.13,2,7.26,471.64,32.82,2.28,9.81,41.73
1481,18.88,,19.05,190.8,1,6.73,1857.2,17.08,13.68,10.39,6.21
1482,20.87,798.71,13.41,249.01,2,4.82,812.09,31.71,13.39,6.53,12.61
1483,13.64,43075.07,12.45,245.61,1,10.7,1063.5,16.52,9.81,1.95,36.88
1484,18.83,7246.89,12.63,266.89,2,14.62,1462.4,27.1,10.08,7.15,20.71
1485,17.53,19664.03,5.37,255.92,2,4.28,756.6,19.28,0.08,15.57,34.52
1486,27.03,3526.55,1.7,305.86,4,9.76,596.85,8.68,14.77,11.37,20.74
1487,1.36,13229.69,17.61,314.65,4,7.51,1101.49,32.84,1.36,2.96,57.16
1488,8.43,3488.64,4.78,176.46,1,7.81,282.77,18.62,8.43,1.38,60.07
1489,28.51,4919.61,8.0,310.81,3,5.3,884.84,,9.89,4.62,0.87
1490,26.71,37467.35,28.03,166.96,4,12.73,1098.02,16.02,5.17,7.2,2.0
1491,13.67,6956.66,11.27,291.15,2,8.31,892.02,5.57,13.4,7.61,39.17
1492,18.6,9642.6,13.97,293.38,4,9.06,382.62,8.02,4.37,7.69,41.38
1493,8.32,16253.35,7.34,116.21,4,5.96,1637.67,19.89,8.32,8.58,23.85
1494,5.64,12046.69,20.09,256.51,1,4.36,1041.42,25.7,1.5,11.64,51.3
1495,13.91,,2.5,217.21,4,3.12,1572.46,15.04,13.83,6.18,24.99
1496,10.6,10850.53,17.42,196.89,4,11.28,895.99,25.86,2.11,3.78,47.35
1497,17.51,55422.03,3.68,344.56,2,4.55,648.0,25.96,3.37,12.61,36.12
1498,2.33,7738.05,25.03,204.24,4,10.97,1107.67,26.12,2.33,15.82,57.11
1499,,9517.42,15.08,193.55,2,7.07,913.69,19.78,11.46,5.4,0.0
1500,29.59,18779.54,5.09,255.3,4,7.41,528.9,32.45,9.29,29.87,0.0
1501,20.94,19622.28,10.97,297.99,4,8.1,1587.91,19.68,3.48,22.79,19.92
1502,16.08,20944.35,15.3,240.08,3,6.78,751.09,18.51,0.01,3.17,40.21
1503,,,7.14,331.65,4,3.31,263.89,,9.29,1.51,50.17
1504,24.41,3247.35,8.65,287.17,2,6.03,1531.27,14.23,14.78,7.45,10.86
1505,20.54,29933.85,20.84,100.0,2,10.63,798.28,6.27,12.15,10.44,12.1
1506,4.88,3238.69,,212.94,1,10.66,756.87,24.01,4.88,,62.21
1507,27.33,10322.78,19.4,210.67,1,5.72,293.84,12.46,13.56,28.94,3.21
1508,24.68,4431.88,13.92,,3,7.98,1696.38,14.12,6.15,13.69,15.32
1509,28.49,7697.8,15.11,,2,4.51,484.21,28.12,7.87,6.29,0.32
1510,21.77,10540.81,18.21,428.43,2,4.73,1023.38,14.82,7.16,18.91,19.77
1511,18.4,10478.55,22.59,287.17,2,2.3,1365.05,12.27,6.71,9.38,24.81
1512,12.55,11356.4,,260.42,3,13.66,1168.69,10.07,11.63,2.55,46.68
1513,27.98,29465.31,16.76,332.71,2,4.74,976.14,28.25,7.9,2.65,0.0
1514,25.98,11647.27,25.11,414.06,1,4.96,319.33,8.89,4.75,6.32,15.74
1515,1.36,,,310.95,3,5.63,676.11,18.61,1.36,16.82,68.25
1516,0.79,17523.0,12.97,316.42,1,3.66,1075.12,20.21,0.57,3.43,63.01
1517,11.29,20985.28,,259.15,1,10.31,685.13,25.62,8.75,6.31,40.95
1518,24.32,,27.37,240.09,3,2.98,1081.34,24.0,3.45,22.65,10.59
1519,29.62,13067.98,14.37,216.69,4,3.74,1272.7,29.32,2.22,,0.0
1520,4.51,14199.16,15.76,192.17,4,10.38,1385.0,6.34,4.51,12.33,70.47
1521,17.82,6386.55,15.2,201.91,1,6.42,509.53,13.89,10.22,17.24,24.15
1522,11.43,24356.78,3.37,155.46,4,11.2,1878.66,13.4,11.28,6.41,36.38
1523,29.1,7186.47,17.49,244.69,2,9.25,1306.99,9.38,7.55,23.68,0.0
1524,25.26,8959.42,3.76,132.07,3,5.33,999.31,13.68,13.41,13.98,2.65
1525,25.15,7055.36,15.93,263.36,1,10.46,1435.81,14.29,14.05,7.81,0.0
1526,14.06,8204.71,3.11,247.46,2,3.51,1946.16,20.66,12.11,20.76,20.51
1527,,3371.05,5.13,260.29,4,8.97,424.51,24.91,9.53,13.55,45.45
1528,8.2,2560.5,8.57,213.45,2,7.68,909.89,16.43,4.56,8.42,48.27
1529,1.69,29016.04,7.59,465.38,4,5.48,200.0,26.58,1.69,12.59,76.8
1530,25.94,4115.15,17.98,345.21,1,9.85,1077.06,15.08,4.11,4.1,28.89
1531,24.39,3666.11,9.36,162.88,2,13.33,1146.16,13.71,3.04,18.96,25.29
1532,29.99,1447.06,4.02,266.3,3,14.99,984.34,21.24,6.63,29.26,15.92
1533,29.9,4860.18,7.01,207.44,1,9.9,738.19,5.71,0.85,1.86,22.29
1534,16.66,2811.65,12.45,178.99,2,7.26,200.0,7.39,14.68,5.35,29.86
1535,23.07,30140.11,12.29,156.19,2,4.93,1149.41,17.54,8.83,4.98,6.07
1536,28.34,18175.93,12.65,280.26,4,5.34,1582.17,33.29,8.35,14.6,0.0
1537,25.49,4672.64,17.97,202.3,1,8.23,763.59,26.65,9.84,10.05,1.18
1538,7.42,49116.42,19.97,317.75,1,6.77,1176.02,7.64,7.42,6.05,52.51
1539,13.52,17772.59,15.19,319.56,1,13.88,372.74,30.39,0.48,6.83,58.75
1540,3.87,6248.74,10.35,346.17,1,6.79,1182.89,26.97,3.87,5.6,58.7
1541,28.62,1097.15,8.69,190.33,4,6.85,842.65,23.33,10.74,13.35,1.13
1542,18.19,50653.02,25.35,283.28,3,6.99,,29.61,6.25,9.92,15.84
1543,6.86,2666.02,12.1,294.27,1,12.88,695.85,17.12,6.86,6.57,71.13
1544,20.15,2172.6,14.13,216.81,4,10.46,842.56,11.65,3.41,5.69,34.73
1545,18.54,18362.33,7.84,195.98,3,9.98,1152.97,20.36,3.32,21.0,29.52
1546,10.74,57056.76,7.78,362.67,3,6.34,475.13,21.47,2.42,18.63,51.43
1547,3.41,24524.26,4.81,265.92,4,12.63,841.15,21.15,3.41,13.46,66.13
1548,20.15,,11.53,294.52,1,2.5,983.41,,12.71,17.3,8.06
1549,15.61,13040.35,7.78,192.45,3,13.32,560.38,33.46,12.42,2.58,26.83
1550,23.17,16038.26,8.88,164.65,1,8.67,1718.67,32.07,5.74,3.41,1.48
1551,15.6,14870.62,19.7,210.14,1,7.18,658.6,31.27,8.84,3.06,20.75
1552,25.57,10147.2,3.4,241.32,2,8.46,732.23,29.04,10.81,95.0,0.0
1553,16.56,8807.52,,175.5,1,10.68,608.68,33.3,3.62,17.69,35.18
1554,16.83,7707.32,13.1,249.31,2,2.17,1719.39,7.95,2.52,6.13,37.57
1555,26.3,4432.98,12.58,131.8,3,13.33,1221.16,12.95,14.58,19.37,0.07
1556,12.1,6473.42,22.37,171.6,4,7.81,625.36,19.85,9.26,5.34,39.53
1557,4.02,2091.5,2.28,296.96,2,6.46,1442.49,30.4,4.02,7.73,55.91
1558,0.86,7490.03,20.86,292.27,4,,1080.28,20.15,,6.07,75.02
1559,22.65,3674.33,4.44,222.57,3,7.71,1102.9,27.44,10.55,7.28,6.27
1560,18.61,3351.38,9.06,178.76,1,8.45,862.21,9.17,3.34,7.91,48.05
1561,,9357.33,3.29,178.08,3,7.25,700.23,12.57,3.92,1.45,31.04
1562,6.39,24676.38,0.81,223.87,4,10.82,1135.11,26.95,6.39,11.13,50.95
1563,4.09,16892.98,20.6,295.12,3,7.47,781.97,9.94,4.09,7.77,60.05
1564,0.44,2306.76,6.1,314.98,1,14.5,1726.7,15.54,0.44,23.65,72.84
1565,10.52,3671.29,16.06,215.24,3,9.79,492.28,12.95,3.94,12.99,51.88
1566,17.7,,7.74,169.26,1,12.5,1614.46,15.5,0.54,10.78,32.48
1567,11.77,3692.32,22.7,268.75,2,3.42,955.47,26.25,10.57,22.72,27.77
1568,13.12,6770.25,8.3,192.35,4,7.16,1119.63,16.04,7.38,21.2,40.52
1569,27.12,62911.21,9.72,213.72,1,6.38,,21.66,1.41,24.35,2.23
1570,10.45,3734.33,6.75,342.77,1,9.4,747.9,8.0,2.58,5.62,66.38
1571,15.42,8815.8,4.79,307.9,3,13.19,1345.7,29.15,1.54,2.99,42.09
1572,,2787.16,17.13,261.06,2,3.02,200.0,16.1,9.19,1.46,13.28
1573,11.9,5008.57,11.22,,1,2.94,712.0,24.46,1.41,17.14,34.92
1574,18.66,10465.35,1.02,264.8,2,13.05,630.37,26.76,11.31,1.2,26.68
1575,25.87,2265.62,23.04,324.39,2,4.77,498.6,11.29,0.31,10.03,23.93
1576,28.49,11526.22,9.87,223.71,3,10.69,914.02,31.54,3.74,2.04,0.0
1577,4.41,7976.78,,344.58,1,9.06,1154.3,23.49,4.41,18.87,58.7
1578,27.8,12606.8,3.08,340.49,3,12.83,1281.06,17.86,,12.27,4.99
1579,,9692.73,5.27,366.46,4,3.63,1096.35,10.47,1.09,18.8,50.17
1580,7.75,24132.44,13.69,,4,3.69,733.72,33.27,7.75,10.19,41.79
1581,13.77,8956.9,17.69,291.12,1,9.24,,27.65,7.4,3.77,30.35
1582,,5747.24,,348.99,2,14.3,1049.71,,12.7,5.94,4.57
1583,14.78,8935.95,,281.32,1,7.39,1374.42,15.13,9.01,15.98,22.41
1584,9.86,12514.44,8.32,214.91,1,6.25,1310.77,29.29,9.86,,32.39
1585,19.0,8426.09,,218.6,4,9.89,1012.19,,14.9,5.55,17.97
1586,7.2,8370.54,4.38,266.7,4,,641.1,27.97,3.49,4.91,71.8
1587,,4621.19,10.03,159.66,2,12.88,738.82,18.24,2.28,8.0,76.12
1588,,4767.99,18.46,239.97,2,14.94,780.08,26.49,3.87,13.3,64.34
1589,3.84,2638.37,24.9,326.76,1,2.29,873.89,16.59,0.59,18.47,61.09
1590,4.56,32848.5,15.94,100.0,3,3.47,1107.22,11.34,0.22,2.41,50.84
1591,4.16,2995.63,2.35,357.41,1,9.92,1286.07,23.98,1.79,4.01,75.62
1592,19.23,4654.9,,328.57,2,,979.55,,9.74,2.7,28.53
1593,5.46,4560.9,2.35,217.82,3,5.71,1006.45,14.32,,8.25,63.35
1594,10.37,16579.79,5.62,288.04,4,5.11,1057.32,18.83,8.3,,41.0
1595,26.9,6399.92,7.25,250.22,2,12.23,793.64,25.22,0.48,11.06,17.37
1596,14.22,21986.71,4.83,336.1,2,2.73,629.84,21.25,7.04,20.2,35.66
1597,20.03,4727.76,15.22,,3,6.8,297.82,30.3,13.87,1.52,22.83
1598,5.17,10129.38,4.62,152.0,2,8.58,721.94,27.85,5.17,4.14,57.03
1599,5.77,4153.57,13.77,291.11,2,9.28,1189.26,6.75,5.77,24.52,59.09
1600,1.23,45076.63,16.96,235.61,2,11.47,718.84,34.95,1.23,9.83,62.34
1601,5.07,3133.55,8.91,255.8,2,6.61,904.88,27.57,5.07,5.63,62.45
1602,8.36,10382.29,19.86,199.03,2,,1186.57,30.92,7.79,42.02,22.93
1603,5.31,13453.86,14.69,372.37,2,9.61,1208.28,24.54,5.31,6.81,47.08
1604,2.66,11282.85,7.06,322.8,2,9.12,568.19,30.69,2.66,12.93,75.18
1605,3.62,6986.74,10.32,198.22,2,10.33,1398.82,8.37,3.62,4.3,61.37
1606,13.82,,7.58,156.58,4,5.37,1450.94,15.43,3.6,3.64,35.25
1607,6.19,,16.62,223.0,2,3.1,548.06,31.29,4.2,13.48,52.04
1608,10.93,7204.05,14.95,280.42,4,3.55,670.47,11.05,0.8,26.01,50.6
1609,,17520.09,12.63,,4,4.92,1476.44,7.35,,5.83,29.1
1610,20.71,47496.84,3.36,337.72,1,8.5,941.26,28.64,6.26,3.4,23.84
1611,1.18,5187.5,6.82,305.29,1,12.93,200.0,30.06,1.18,16.94,94.37
1612,23.98,2708.52,5.91,317.87,4,11.12,440.13,9.88,3.48,5.88,45.34
1613,18.84,7550.54,1.6,,4,12.26,900.25,30.63,13.52,11.17,20.3
1614,,63816.53,4.13,152.75,2,6.56,,25.6,2.45,5.69,66.0
1615,26.21,4260.15,4.21,236.3,1,7.26,834.63,20.6,8.3,6.5,16.29
1616,27.63,30070.31,9.11,324.21,3,7.12,1012.96,29.91,9.24,3.99,0.34
1617,1.83,31012.97,16.15,246.39,1,4.49,,17.58,1.83,13.74,50.89
1618,8.31,5203.72,7.42,285.22,4,,883.82,10.82,5.87,11.42,56.4
1619,24.19,12774.25,9.43,227.69,4,9.68,1429.02,13.55,13.73,11.13,5.91
1620,22.45,29813.52,9.43,,2,14.86,1571.5,20.15,1.88,4.7,18.43
1621,5.54,,10.23,241.37,2,4.17,1573.72,20.94,,10.7,43.75
1622,6.28,6885.24,11.09,271.63,1,2.61,1113.9,29.17,5.17,,46.63
1623,11.11,5088.08,19.72,204.1,2,12.13,214.68,,7.47,3.42,46.15
1624,14.54,3598.22,,233.5,3,5.28,1184.33,22.44,6.86,4.33,30.34
1625,18.55,4820.24,19.92,184.24,3,12.79,1419.36,28.42,7.78,4.54,18.97
1626,11.07,3043.76,10.83,328.35,2,11.15,967.57,10.75,2.1,9.2,61.23
1627,13.88,8327.07,9.79,229.39,3,14.29,1697.83,6.5,7.7,3.18,45.86
1628,22.42,4376.57,28.28,351.69,3,7.32,1343.93,31.21,3.64,12.28,13.93
1629,1.1,9769.58,17.62,357.01,1,10.61,1227.31,7.27,1.1,1.34,84.98
1630,7.57,2333.87,1.71,244.33,3,8.04,1434.55,12.4,0.97,14.92,55.65
1631,21.4,10558.69,13.53,179.41,4,10.2,1133.35,25.86,11.44,10.98,7.75
1632,26.86,,4.37,103.99,4,7.84,200.0,17.28,,27.94,4.97
1633,15.35,1644.2,11.16,,1,4.45,800.34,31.29,9.4,3.57,24.94
1634,15.96,10929.77,4.93,153.83,2,8.6,1478.87,13.94,10.91,,24.85
1635,3.22,21636.46,12.43,346.49,1,8.87,676.96,5.36,3.22,7.79,71.69
1636,13.42,3078.78,23.23,258.11,2,12.54,910.61,14.02,7.06,6.63,39.41
1637,15.98,30885.99,14.08,277.27,2,11.56,582.07,22.34,5.82,3.41,33.61
1638,7.27,11330.07,8.46,100.0,2,10.63,1713.57,16.28,5.64,5.76,48.04
1639,8.08,4610.03,7.62,,2,3.47,1672.6,,8.08,5.98,42.55
1640,11.32,7749.51,21.15,312.1,2,11.37,646.45,31.3,7.42,2.05,35.88
1641,0.6,12665.81,,270.07,1,8.5,1058.92,32.37,0.6,10.89,61.57
1642,9.66,8611.07,20.38,239.7,2,13.62,727.8,12.98,9.66,9.87,50.92
1643,6.34,12469.05,15.55,289.54,3,13.96,1245.98,18.86,2.56,12.9,58.85
1644,9.82,3879.5,9.94,364.51,3,2.72,1203.87,21.47,2.04,5.15,47.29
1645,,9278.81,13.03,234.53,2,12.67,1324.68,33.47,3.59,15.32,48.96
1646,26.72,2615.02,24.65,254.86,3,2.49,1132.77,34.96,4.52,20.93,0.0
1647,17.81,7413.21,10.55,263.48,4,6.77,2174.16,12.06,0.28,7.04,32.92
1648,20.37,3931.88,7.29,417.45,1,9.05,588.83,,13.33,3.64,29.43
1649,23.68,4498.85,6.88,103.05,1,3.93,315.76,16.34,3.4,8.84,22.04
1650,14.95,21782.77,15.87,297.83,2,11.7,842.76,5.24,13.94,8.54,32.83
1651,2.61,19400.38,8.1,241.96,2,2.11,372.8,5.28,2.61,7.33,71.59
1652,16.11,,9.15,289.67,4,,403.02,18.82,11.44,12.92,28.96
1653,17.61,3381.75,18.54,203.98,2,9.55,599.47,19.65,3.02,6.37,33.19
1654,22.36,6290.99,4.05,,3,11.29,631.12,,3.51,3.38,47.27
1655,12.95,21385.71,11.2,299.8,4,13.92,618.15,25.61,7.82,9.47,44.05
1656,3.83,9075.86,19.66,467.9,3,11.17,1207.29,13.82,2.58,,60.9
1657,8.51,51816.49,12.64,306.56,1,10.73,797.52,21.8,4.58,14.15,55.8
1658,10.89,11099.49,11.27,190.64,3,7.13,928.19,14.03,4.82,6.03,50.93
1659,19.38,9448.76,15.1,220.34,1,2.02,1357.69,10.01,2.39,10.49,27.94
1660,17.12,6327.79,12.93,218.26,3,3.56,693.47,,3.08,21.2,34.85
1661,10.68,9016.69,9.82,124.3,1,8.95,894.18,11.97,10.68,17.76,47.27
1662,29.6,7172.6,2.03,226.89,2,10.78,1146.3,21.04,2.51,1.91,9.16
1663,18.17,14278.17,15.57,301.3,3,7.43,223.37,10.96,0.43,6.42,44.1
1664,,17419.78,3.64,160.8,1,11.5,200.0,20.25,7.12,20.27,65.28
1665,3.05,4320.85,16.26,323.39,3,8.78,1138.45,9.72,3.05,1.9,81.01
1666,4.59,2793.4,1.97,284.14,4,2.96,1196.81,25.13,4.59,8.02,56.16
1667,7.38,1865.04,5.36,198.6,2,4.5,1825.69,27.62,1.78,,51.22
1668,,12165.91,12.45,240.09,1,12.92,1063.24,8.31,4.82,10.66,68.64
1669,5.6,3351.98,9.39,361.88,4,11.42,1327.9,19.03,5.6,0.85,70.33
1670,8.55,1447.64,8.26,301.35,3,13.63,921.81,7.13,8.55,18.97,66.5
1671,5.2,11057.49,27.27,250.61,4,3.53,1118.89,22.95,5.2,8.32,44.6
1672,26.9,59539.76,16.5,233.36,3,14.87,1666.9,12.93,4.73,3.17,18.66
1673,2.41,8063.82,2.12,255.36,2,4.72,200.0,20.83,2.41,4.48,73.38
1674,15.74,15847.91,19.62,,4,2.15,1165.45,20.52,1.37,10.93,34.19
1675,12.31,8651.29,18.19,102.67,2,14.97,1854.23,32.73,10.18,4.18,21.87
1676,29.47,7486.74,14.43,392.95,1,5.65,1112.81,21.47,10.88,25.45,2.75
1677,3.36,16903.25,7.52,260.87,3,10.68,1660.23,22.49,3.36,7.58,56.15
1678,11.94,6423.9,15.85,277.87,3,4.3,2748.32,17.05,3.91,22.43,27.25
1679,29.08,10035.8,11.37,245.95,2,9.54,987.18,33.47,0.28,9.48,1.32
1680,25.97,10481.41,17.46,198.54,2,13.75,1013.41,28.32,8.18,13.73,2.42
1681,24.51,4748.23,5.68,236.99,1,6.16,200.0,13.56,10.6,13.16,22.22
1682,7.74,17919.3,7.01,138.04,4,10.71,532.73,30.33,7.74,5.63,42.89
1683,5.13,7044.71,,409.4,3,4.44,561.25,17.97,2.91,13.86,69.42
1684,,4426.67,6.04,163.58,3,10.12,1328.83,29.86,3.93,6.04,27.96
1685,27.88,12446.66,,177.76,1,6.37,1348.86,29.69,7.69,1.71,0.0
1686,,3949.03,12.95,219.18,1,4.75,1129.61,10.67,4.96,7.07,39.3
1687,17.15,8287.84,6.09,340.17,2,6.07,1329.64,26.03,12.91,2.75,23.11
1688,8.4,8044.19,10.86,251.02,2,4.32,934.34,13.72,7.11,5.87,48.29
1689,23.08,19316.53,19.4,163.47,4,,1480.77,13.92,11.99,8.11,6.45
1690,5.61,11846.15,,337.8,1,7.16,1003.52,13.89,5.61,3.74,60.68
1691,9.71,7942.46,7.87,,4,5.19,1023.15,26.77,9.71,12.48,31.19
1692,12.76,15587.32,0.62,287.69,1,7.83,893.76,11.89,4.99,5.98,54.72
1693,15.23,24640.98,11.2,300.1,3,6.17,1273.78,5.03,12.47,2.67,32.75
1694,7.27,12660.58,7.44,417.61,1,11.68,831.52,26.46,4.12,3.8,67.8
1695,3.45,,4.68,402.96,1,14.63,1390.57,10.14,3.45,,80.92
1696,18.32,2837.08,11.47,,3,7.69,547.14,8.13,3.21,6.82,40.12
1697,8.66,3456.14,18.1,363.67,1,13.19,560.43,12.13,7.13,10.37,62.91
1698,17.44,,6.87,276.82,4,9.36,1274.97,,4.77,9.1,37.15
1699,4.63,4976.04,16.79,284.94,2,4.04,964.58,19.28,4.0,3.48,64.09
1700,14.43,6977.34,9.34,131.54,2,10.98,818.44,6.34,14.43,4.97,34.05
1701,15.98,8478.76,13.72,238.07,4,8.67,1356.02,34.12,2.4,15.24,24.26
1702,1.55,12378.97,19.2,193.1,3,10.46,757.1,26.48,1.55,4.04,59.41
1703,10.1,7658.73,0.64,307.96,1,13.57,919.92,14.7,10.1,22.78,53.29
1704,4.03,11958.54,14.1,324.98,4,7.73,1559.69,14.56,0.3,2.12,71.19
1705,1.9,8532.0,26.31,104.79,2,13.72,1615.66,,1.9,14.89,55.75
1706,29.7,1668.41,21.52,248.46,2,11.76,1628.96,23.79,3.79,7.68,0.0
1707,9.67,3822.01,4.91,328.53,4,8.35,887.15,9.39,0.61,3.5,64.01
1708,24.3,7220.86,12.65,236.93,2,9.84,1492.28,,6.04,8.86,15.85
1709,7.64,3078.64,28.73,301.03,4,6.23,620.42,30.78,7.64,,50.3
1710,20.45,13094.44,8.39,274.58,2,14.79,637.24,12.69,0.18,,47.8
1711,22.81,27573.23,19.19,273.92,4,10.68,200.0,16.41,8.82,6.1,7.8
1712,17.87,21482.83,12.04,231.01,1,2.57,,31.14,7.52,14.08,3.15
1713,14.15,6831.13,8.8,164.84,1,6.25,654.41,24.89,,4.91,28.86
1714,12.36,26704.33,19.11,171.49,1,10.1,949.39,15.25,1.26,9.91,38.32
1715,10.47,9126.47,19.09,,1,2.73,635.87,25.51,10.22,14.46,34.1
1716,27.89,6187.78,5.21,251.36,2,2.31,1278.07,5.59,10.2,,13.64
1717,24.92,4960.58,21.22,240.3,3,7.85,849.75,27.07,10.04,11.04,6.49
1718,28.95,,0.21,220.33,4,6.32,478.07,19.61,14.14,8.07,2.13
1719,3.73,5939.97,8.57,228.64,3,7.7,1176.67,29.4,3.73,12.3,53.72
1720,21.93,9286.65,11.63,323.28,2,5.42,426.51,33.64,0.63,2.59,30.94
1721,28.15,9213.81,8.43,226.53,2,4.14,665.04,32.77,7.07,21.44,1.58
1722,5.44,8122.85,11.19,156.13,3,10.96,200.0,32.28,5.44,4.65,56.44
1723,1.99,11493.66,7.34,,3,,430.42,20.37,1.99,7.74,73.38
1724,22.23,21005.03,10.53,235.66,2,4.6,1071.41,15.8,6.77,1.17,21.13
1725,17.23,,16.8,252.2,2,6.15,214.19,18.95,5.76,5.47,34.24
1726,25.25,2470.27,11.1,362.53,4,9.69,407.54,25.7,6.49,10.21,23.53
1727,4.19,1050.33,24.95,248.56,1,,999.05,31.52,4.19,23.4,44.42
1728,23.86,17110.64,10.99,270.24,1,3.92,782.56,11.21,1.33,12.7,26.41
1729,6.05,2714.86,9.25,167.48,4,2.95,1796.81,32.55,6.05,5.83,29.52
1730,4.91,6769.54,30.0,234.62,3,12.56,1733.56,29.46,4.91,1.94,41.33
1731,4.93,3177.69,19.51,292.67,2,11.78,652.83,34.37,4.93,19.8,56.14
1732,24.44,,15.43,141.12,3,11.79,1222.86,,12.45,5.6,0.0
1733,19.96,12496.08,2.7,264.06,1,11.31,1299.71,13.4,5.41,10.19,33.82
1734,15.69,14873.32,23.18,257.06,1,10.7,761.01,8.18,6.46,5.84,37.07
1735,10.76,5109.17,16.88,252.89,3,8.2,401.78,8.37,6.14,11.13,54.45
1736,26.32,1019.6,4.3,322.6,1,10.35,995.08,13.74,5.62,19.21,30.1
1737,11.77,5234.38,14.95,273.41,2,2.5,930.86,23.43,11.77,13.96,28.78
1738,24.5,11086.05,5.5,353.47,4,10.08,825.69,29.13,12.43,6.72,15.0
1739,13.17,2482.13,21.31,180.45,3,12.11,1176.93,31.98,1.63,20.12,32.38
1740,11.31,9383.31,22.01,259.51,2,8.5,699.71,23.71,1.62,26.86,46.52
1741,,8004.44,18.11,255.91,2,6.65,539.2,5.17,6.42,16.5,42.63
1742,9.04,12880.03,7.43,175.15,1,5.61,1043.63,10.59,1.48,5.99,51.53
1743,22.43,,17.56,316.94,2,10.36,1154.39,7.99,9.29,14.91,19.69
1744,15.08,3720.25,3.5,412.73,3,11.01,529.34,15.9,2.16,16.39,60.11
1745,6.97,21104.83,12.1,248.81,2,13.32,1371.24,20.04,6.97,6.82,53.94
1746,26.99,7137.92,9.08,285.35,4,6.45,291.81,6.3,0.11,26.86,28.7
1747,11.52,,8.83,255.92,2,12.01,768.75,15.45,4.75,18.62,47.98
1748,16.31,3840.61,3.73,200.05,2,,2896.8,10.38,10.16,7.1,24.04
1749,27.19,5683.79,11.68,122.55,4,13.48,745.51,24.41,7.26,5.98,6.89
1750,18.73,,5.17,200.6,2,8.86,773.98,18.93,14.67,16.13,19.81
1751,3.51,7056.07,7.72,152.56,2,8.73,1748.43,19.86,3.51,31.68,42.61
1752,28.19,31868.29,15.37,369.29,1,9.51,659.65,,5.39,2.77,17.47
1753,18.83,2703.98,11.6,241.94,3,11.74,1976.49,33.68,0.68,11.52,14.04
1754,10.05,2228.65,7.87,225.79,1,14.54,1174.85,11.44,,14.72,54.42
1755,4.18,26289.8,5.27,312.24,3,2.96,1036.82,20.5,4.18,19.09,54.59
1756,23.82,,13.83,171.48,4,2.69,1190.5,27.08,12.31,14.83,0.0
1757,18.6,4744.5,14.39,196.32,4,14.19,2011.97,21.71,1.92,5.66,22.06
1758,16.0,18618.74,6.79,254.77,4,8.89,602.56,32.87,14.97,2.47,24.65
1759,26.82,4991.58,8.29,322.01,3,,551.83,16.34,,6.53,22.43
1760,23.66,34919.75,11.92,285.12,3,8.27,698.05,18.91,10.86,14.48,11.87
1761,4.55,13937.53,5.16,267.38,3,3.22,1012.86,7.66,4.55,5.17,69.39
1762,9.35,5484.44,13.03,255.47,4,11.99,309.69,23.27,3.54,21.13,60.87
1763,,45517.25,4.47,278.02,3,11.71,1008.94,,7.45,7.55,56.65
1764,22.32,,5.78,264.12,2,6.05,1677.42,9.81,4.64,4.9,21.55
1765,1.01,14671.71,0.29,177.9,1,,1060.56,21.34,1.01,12.46,68.82
1766,17.1,10295.21,5.55,253.23,4,12.89,882.93,20.97,4.22,6.95,43.11
1767,22.87,22957.34,1.87,,1,2.94,752.74,7.28,14.3,5.85,12.15
1768,26.3,28260.18,8.03,255.68,2,13.45,1359.4,25.95,0.8,29.18,10.94
1769,10.26,8313.23,6.86,216.35,3,5.34,669.67,23.71,10.26,5.15,40.91
1770,24.64,4434.92,2.07,427.76,1,9.71,1738.56,10.67,7.98,6.35,30.38
1771,3.32,11707.42,10.81,247.21,2,14.17,1773.34,19.08,,12.59,65.0
1772,25.39,4711.81,21.12,151.7,2,10.82,1102.7,26.61,3.35,20.92,7.51
1773,3.82,40566.98,,240.61,1,7.39,995.39,20.88,3.82,,45.43
1774,11.92,9038.32,2.46,286.36,4,10.96,1412.26,16.86,2.86,9.02,47.68
1775,23.92,6049.57,12.36,367.14,1,6.47,1437.92,14.67,8.29,,16.94
1776,4.5,9393.23,14.11,208.74,4,5.6,677.6,23.31,3.8,6.11,53.52
1777,6.88,2758.1,16.14,139.23,3,,789.38,33.17,6.88,6.13,51.53
1778,21.67,3724.58,8.58,307.18,4,11.76,471.06,25.15,0.43,5.21,40.06
1779,21.6,21169.8,13.63,153.36,3,10.38,,7.24,3.0,11.23,21.4
1780,19.23,4790.95,16.49,219.47,1,6.62,1266.65,18.82,3.63,3.98,28.9
1781,20.82,3506.84,22.9,231.97,3,2.64,460.03,31.72,6.21,3.12,22.21
1782,16.28,12448.09,11.72,245.13,2,2.4,817.92,7.83,3.49,6.33,32.11
1783,7.55,20922.14,1.57,298.24,3,9.2,461.1,34.67,7.37,1.84,58.97
1784,10.37,14402.58,8.93,202.15,4,11.91,640.48,33.47,10.37,10.2,41.41
1785,5.45,17976.81,13.6,230.84,4,8.99,1220.41,7.35,5.45,11.25,61.69
1786,27.25,4422.96,7.35,249.0,4,12.93,706.61,33.0,8.7,12.67,11.87
1787,17.5,2598.14,15.54,260.47,3,2.43,879.67,15.89,1.34,15.37,41.14
1788,12.03,26931.9,3.39,256.85,4,6.77,349.08,30.34,10.41,6.48,40.83
1789,13.86,6259.5,25.74,280.52,4,5.08,1074.8,17.55,2.5,19.31,34.2
1790,28.42,6629.82,7.19,309.07,2,7.81,982.29,18.23,11.8,,0.3
1791,4.6,23448.35,3.96,277.48,3,2.94,708.42,24.03,3.75,3.5,55.66
1792,17.59,12644.58,5.28,281.75,2,14.4,924.39,28.23,6.26,8.09,30.86
1793,15.18,11669.22,19.46,139.24,4,4.9,1072.12,6.01,,0.67,34.26
1794,18.34,45798.28,5.69,253.52,4,13.99,674.05,22.79,12.88,19.5,23.14
1795,0.54,4842.5,12.81,283.57,4,7.54,409.49,10.6,0.54,15.18,81.26
1796,26.16,17022.17,23.34,301.03,3,14.81,1722.23,15.38,8.48,22.56,0.0
1797,27.96,8481.23,5.11,201.54,1,9.2,746.69,15.44,2.13,2.1,15.98
1798,16.95,10045.44,20.45,203.87,4,14.1,961.3,19.07,10.57,11.99,22.07
1799,20.9,27522.93,16.35,209.81,4,2.07,1404.34,15.02,13.58,5.51,11.56
1800,27.67,12164.4,1.63,287.55,4,11.73,2411.62,8.22,6.52,1.15,16.05
